ps_name,ps_code_unified,used_by_registration_types
ADARSH NAGAR,124,E_THEFT;E_MVT;NCRP;ZERO_FIR
ALIPUR,222,E_THEFT;E_MVT;NCRP;ZERO_FIR
AMAN VIHAR,215,E_THEFT;E_MVT;NCRP;ZERO_FIR
AMAR COLONY,183,E_THEFT;E_MVT;NCRP;ZERO_FIR
AMBEDKAR NAGAR,080,E_THEFT;E_MVT;NCRP;ZERO_FIR
ANAND PARBAT,018,E_THEFT;E_MVT;NCRP;ZERO_FIR
ANAND VIHAR,195,E_THEFT;E_MVT;NCRP;ZERO_FIR
ANAND VIHAR RLY STN,034,E_THEFT;E_MVT;NCRP;ZERO_FIR
ASHOK VIHAR,125,E_THEFT;E_MVT;NCRP;ZERO_FIR
BABA HARIDAS NAGAR,171,E_THEFT;E_MVT;NCRP;ZERO_FIR
BADARPUR,186,E_THEFT;E_MVT;NCRP;ZERO_FIR
BARA HINDU RAO,053,E_THEFT;E_MVT;NCRP;ZERO_FIR
BARAKHAMBA ROAD,041,E_THEFT;E_MVT;NCRP;ZERO_FIR
BAWANA,220,E_THEFT;E_MVT;NCRP;ZERO_FIR
BEGUM PUR,206,E_THEFT;E_MVT;NCRP;ZERO_FIR
BHAJAN PURA,136,E_THEFT;E_MVT;NCRP;ZERO_FIR
BHALSWA DAIRY,219,E_THEFT;E_MVT;NCRP;ZERO_FIR
BHARAT NAGAR,126,E_THEFT;E_MVT;NCRP;ZERO_FIR
BINDA PUR,163,E_THEFT;E_MVT;NCRP;ZERO_FIR
BUDH VIHAR,213,E_THEFT;E_MVT;NCRP;ZERO_FIR
BURARI,065,E_THEFT;E_MVT;NCRP;ZERO_FIR
CHANDNI MAHAL,019,E_THEFT;E_MVT;NCRP;ZERO_FIR
CHANKYA PURI,042,E_THEFT;E_MVT;NCRP;ZERO_FIR
CHHAWALA,169,E_THEFT;E_MVT;NCRP;ZERO_FIR
CHITRANJAN PARK,078,E_THEFT;E_MVT;NCRP;ZERO_FIR
CIVIL LINES,054,E_THEFT;E_MVT;NCRP;ZERO_FIR
CONNAUGHT PLACE,043,E_THEFT;E_MVT;NCRP;ZERO_FIR
CRIME (WOMEN) CELL NANAK PURA,175,E_THEFT;E_MVT;NCRP;ZERO_FIR
CRIME BRANCH,162,E_THEFT;E_MVT;NCRP;ZERO_FIR
CYBER POLICE STATION CENTRAL,033,E_THEFT;E_MVT;NCRP;ZERO_FIR
CYBER POLICE STATION DWARKA,174,E_THEFT;E_MVT;NCRP;ZERO_FIR
CYBER POLICE STATION EAST,095,E_THEFT;E_MVT;NCRP;ZERO_FIR
CYBER POLICE STATION NEW DELHI,052,E_THEFT;E_MVT;NCRP;ZERO_FIR
CYBER POLICE STATION NORTH,067,E_THEFT;E_MVT;NCRP;ZERO_FIR
CYBER POLICE STATION NORTH EAST,150,E_THEFT;E_MVT;NCRP;ZERO_FIR
CYBER POLICE STATION NORTH WEST,135,E_THEFT;E_MVT;NCRP;ZERO_FIR
CYBER POLICE STATION OUTER,161,E_THEFT;E_MVT;NCRP;ZERO_FIR
CYBER POLICE STATION OUTER NORTH,225,E_THEFT;E_MVT;NCRP;ZERO_FIR
CYBER POLICE STATION ROHINI,216,E_THEFT;E_MVT;NCRP;ZERO_FIR
CYBER POLICE STATION SHAHDARA,205,E_THEFT;E_MVT;NCRP;ZERO_FIR
CYBER POLICE STATION SOUTH,083,E_THEFT;E_MVT;NCRP;ZERO_FIR
CYBER POLICE STATION SOUTH EAST,192,E_THEFT;E_MVT;NCRP;ZERO_FIR
CYBER POLICE STATION SOUTH WEST,123,E_THEFT;E_MVT;NCRP;ZERO_FIR
CYBER POLICE STATION WEST,110,E_THEFT;E_MVT;NCRP;ZERO_FIR
D.B.G. ROAD,027,E_THEFT;E_MVT;NCRP;ZERO_FIR
DABRI,164,E_THEFT;E_MVT;NCRP;ZERO_FIR
DARYA GANJ,020,E_THEFT;E_MVT;NCRP;ZERO_FIR
DAYAL PUR,149,E_THEFT;E_MVT;NCRP;ZERO_FIR
DEFENCE COLONY,068,E_THEFT;E_MVT;NCRP;ZERO_FIR
DELHI CANTT,111,E_THEFT;E_MVT;NCRP;ZERO_FIR
DELHI CANTT. RAILWAY STATION,039,E_THEFT;E_MVT;NCRP;ZERO_FIR
DOMESTIC AIRPORT,096,E_THEFT;E_MVT;NCRP;ZERO_FIR
DWARKA NORTH,166,E_THEFT;E_MVT;NCRP;ZERO_FIR
DWARKA SOUTH,165,E_THEFT;E_MVT;NCRP;ZERO_FIR
ECONOMIC OFFENCES WING,193,E_THEFT;E_MVT;NCRP;ZERO_FIR
FARSH BAZAR,199,E_THEFT;E_MVT;NCRP;ZERO_FIR
FATEHPUR BERI,069,E_THEFT;E_MVT;NCRP;ZERO_FIR
G.T.B. ENCLAVE,202,E_THEFT;E_MVT;NCRP;ZERO_FIR
GANDHI NAGAR,197,E_THEFT;E_MVT;NCRP;ZERO_FIR
GEETA COLONY,198,E_THEFT;E_MVT;NCRP;ZERO_FIR
GHAZIPUR,084,E_THEFT;E_MVT;NCRP;ZERO_FIR
GOKUL PURI,143,E_THEFT;E_MVT;NCRP;ZERO_FIR
GOVIND PURI,178,E_THEFT;E_MVT;NCRP;ZERO_FIR
GREATER KAILASH,077,E_THEFT;E_MVT;NCRP;ZERO_FIR
GULABI BAGH,059,E_THEFT;E_MVT;NCRP;ZERO_FIR
HARI NAGAR,098,E_THEFT;E_MVT;NCRP;ZERO_FIR
HARSH VIHAR,144,E_THEFT;E_MVT;NCRP;ZERO_FIR
HAUZ KHAS,070,E_THEFT;E_MVT;NCRP;ZERO_FIR
HAUZ QAZI,021,E_THEFT;E_MVT;NCRP;ZERO_FIR
HAZARAT NIZAMUDDIN,181,E_THEFT;E_MVT;NCRP;ZERO_FIR
HAZRAT NIZAMUDDIN RLY STN,037,E_THEFT;E_MVT;NCRP;ZERO_FIR
I.G.I.AIRPORT,097,E_THEFT;E_MVT;NCRP;ZERO_FIR
I.P.ESTATE,022,E_THEFT;E_MVT;NCRP;ZERO_FIR
IGI AIRPORT METRO,004,E_THEFT;E_MVT;NCRP;ZERO_FIR
"IITF,PRAGATI MAIDAN",044,E_THEFT;E_MVT;NCRP;ZERO_FIR
INA METRO,011,E_THEFT;E_MVT;NCRP;ZERO_FIR
INDER PURI,109,E_THEFT;E_MVT;NCRP;ZERO_FIR
JAFFARPUR KALAN,168,E_THEFT;E_MVT;NCRP;ZERO_FIR
JAFRABAD,147,E_THEFT;E_MVT;NCRP;ZERO_FIR
JAGAT PURI,235,E_THEFT;E_MVT;NCRP;ZERO_FIR
JAHANGIR PURI,127,E_THEFT;E_MVT;NCRP;ZERO_FIR
JAIT PUR,177,E_THEFT;E_MVT;NCRP;ZERO_FIR
JAMA MASJID,023,E_THEFT;E_MVT;NCRP;ZERO_FIR
JAMIA NAGAR,180,E_THEFT;E_MVT;NCRP;ZERO_FIR
JANAK PURI,099,E_THEFT;E_MVT;NCRP;ZERO_FIR
JANAK PURI METRO,010,E_THEFT;E_MVT;NCRP;ZERO_FIR
JYOTI NAGAR,145,E_THEFT;E_MVT;NCRP;ZERO_FIR
K.M. PUR,071,E_THEFT;E_MVT;NCRP;ZERO_FIR
K.N. KATJU MARG,207,E_THEFT;E_MVT;NCRP;ZERO_FIR
KALANDI KUNJ,190,E_THEFT;E_MVT;NCRP;ZERO_FIR
KALKAJI,184,E_THEFT;E_MVT;NCRP;ZERO_FIR
KALYANPURI,085,E_THEFT;E_MVT;NCRP;ZERO_FIR
KAMLA MARKET,024,E_THEFT;E_MVT;NCRP;ZERO_FIR
KANJHAWALA,236,E_THEFT;E_MVT;NCRP;ZERO_FIR
KAPASHERA,112,E_THEFT;E_MVT;NCRP;ZERO_FIR
KARAWAL NAGAR,138,E_THEFT;E_MVT;NCRP;ZERO_FIR
KAROL BAGH,025,E_THEFT;E_MVT;NCRP;ZERO_FIR
KARTAVYA PATH,045,E_THEFT;E_MVT;NCRP;ZERO_FIR
KASHMERI GATE,056,E_THEFT;E_MVT;NCRP;ZERO_FIR
KASHMIRI GATE METRO,007,E_THEFT;E_MVT;NCRP;ZERO_FIR
KESHAV PURAM,129,E_THEFT;E_MVT;NCRP;ZERO_FIR
KHAJURI KHAS,137,E_THEFT;E_MVT;NCRP;ZERO_FIR
KHYALA,107,E_THEFT;E_MVT;NCRP;ZERO_FIR
KIRTI NAGAR,100,E_THEFT;E_MVT;NCRP;ZERO_FIR
KISHAN GARH,120,E_THEFT;E_MVT;NCRP;ZERO_FIR
KOTWALI,057,E_THEFT;E_MVT;NCRP;ZERO_FIR
KRISHNA NAGAR,196,E_THEFT;E_MVT;NCRP;ZERO_FIR
LAHORI GATE,058,E_THEFT;E_MVT;NCRP;ZERO_FIR
LAJPAT NAGAR,182,E_THEFT;E_MVT;NCRP;ZERO_FIR
LAXMI NAGAR,094,E_THEFT;E_MVT;NCRP;ZERO_FIR
LODI COLONY,072,E_THEFT;E_MVT;NCRP;ZERO_FIR
MADHU VIHAR,086,E_THEFT;E_MVT;NCRP;ZERO_FIR
MAHENDRA PARK,134,E_THEFT;E_MVT;NCRP;ZERO_FIR
MAIDAN GARHI,081,E_THEFT;E_MVT;NCRP;ZERO_FIR
MALVIYA NAGAR,074,E_THEFT;E_MVT;NCRP;ZERO_FIR
MANDAWLI FAZAL PUR,087,E_THEFT;E_MVT;NCRP;ZERO_FIR
MANDIR MARG,046,E_THEFT;E_MVT;NCRP;ZERO_FIR
MANGOL PURI,151,E_THEFT;E_MVT;NCRP;ZERO_FIR
MANSAROVAR PARK,201,E_THEFT;E_MVT;NCRP;ZERO_FIR
MAURICE NAGAR,055,E_THEFT;E_MVT;NCRP;ZERO_FIR
MAURYA ENCLAVE,133,E_THEFT;E_MVT;NCRP;ZERO_FIR
MAYAPURI,101,E_THEFT;E_MVT;NCRP;ZERO_FIR
MAYUR VIHAR PH-I,088,E_THEFT;E_MVT;NCRP;ZERO_FIR
MEHRAULI,073,E_THEFT;E_MVT;NCRP;ZERO_FIR
METRO POLICE STATION AZADPUR,015,E_THEFT;E_MVT;NCRP;ZERO_FIR
METRO POLICE STATION GHITORNI,003,E_THEFT;E_MVT;NCRP;ZERO_FIR
METRO POLICE STATION NANGLOI,009,E_THEFT;E_MVT;NCRP;ZERO_FIR
METRO POLICE STATION NETAJI SUBHASH PLACE,016,E_THEFT;E_MVT;NCRP;ZERO_FIR
METRO POLICE STATION OKHLA VIHAR,002,E_THEFT;E_MVT;NCRP;ZERO_FIR
METRO POLICE STATION PRAGATI MAIDAN,014,E_THEFT;E_MVT;NCRP;ZERO_FIR
METRO POLICE STATION RAJIV CHOWK,012,E_THEFT;E_MVT;NCRP;ZERO_FIR
MODEL TOWN,128,E_THEFT;E_MVT;NCRP;ZERO_FIR
MOHAN GARDEN,173,E_THEFT;E_MVT;NCRP;ZERO_FIR
MOTI NAGAR,102,E_THEFT;E_MVT;NCRP;ZERO_FIR
MUKHERJEE NAGAR,130,E_THEFT;E_MVT;NCRP;ZERO_FIR
MUNDKA,156,E_THEFT;E_MVT;NCRP;ZERO_FIR
NABI KARIM,026,E_THEFT;E_MVT;NCRP;ZERO_FIR
NAJAF GARH,172,E_THEFT;E_MVT;NCRP;ZERO_FIR
NAND NAGRI,139,E_THEFT;E_MVT;NCRP;ZERO_FIR
NANGLOI,154,E_THEFT;E_MVT;NCRP;ZERO_FIR
NARAINA,108,E_THEFT;E_MVT;NCRP;ZERO_FIR
NARELA,223,E_THEFT;E_MVT;NCRP;ZERO_FIR
NARELA INDUSTRIAL AREA,217,E_THEFT;E_MVT;NCRP;ZERO_FIR
NEB SARAI,076,E_THEFT;E_MVT;NCRP;ZERO_FIR
NEHRU PLACE METRO,013,E_THEFT;E_MVT;NCRP;ZERO_FIR
NEW ASHOK NAGAR,089,E_THEFT;E_MVT;NCRP;ZERO_FIR
NEW DELHI RLY. STN.,036,E_THEFT;E_MVT;NCRP;ZERO_FIR
NEW FRIENDS COLONY,179,E_THEFT;E_MVT;NCRP;ZERO_FIR
NEW USMANPUR,140,E_THEFT;E_MVT;NCRP;ZERO_FIR
NIHAL VIHAR,155,E_THEFT;E_MVT;NCRP;ZERO_FIR
NORTH AVENUE,051,E_THEFT;E_MVT;NCRP;ZERO_FIR
NORTH ROHINI,211,E_THEFT;E_MVT;NCRP;ZERO_FIR
OKHLA INDUSTRIAL AREA,187,E_THEFT;E_MVT;NCRP;ZERO_FIR
OLD DELHI (DELHI MAIN) RLY. STN.,035,E_THEFT;E_MVT;NCRP;ZERO_FIR
PAHAR GANJ,227,E_THEFT;E_MVT;NCRP;ZERO_FIR
PALAM VILLAGE,114,E_THEFT;E_MVT;NCRP;ZERO_FIR
PANDAV NAGAR,091,E_THEFT;E_MVT;NCRP;ZERO_FIR
PARLIAMENT STREET,047,E_THEFT;E_MVT;NCRP;ZERO_FIR
PASCHIM VIHAR EAST,231,E_THEFT;E_MVT;NCRP;ZERO_FIR
PASCHIM VIHAR WEST,232,E_THEFT;E_MVT;NCRP;ZERO_FIR
PATEL NAGAR,030,E_THEFT;E_MVT;NCRP;ZERO_FIR
PATPARGANJ INDUSTRIAL AREA,093,E_THEFT;E_MVT;NCRP;ZERO_FIR
PRASAD NAGAR,028,E_THEFT;E_MVT;NCRP;ZERO_FIR
PRASHANT VIHAR,208,E_THEFT;E_MVT;NCRP;ZERO_FIR
PREET VIHAR,090,E_THEFT;E_MVT;NCRP;ZERO_FIR
PREM NAGAR,212,E_THEFT;E_MVT;NCRP;ZERO_FIR
PUL PRAHLAD PUR,189,E_THEFT;E_MVT;NCRP;ZERO_FIR
PUNJABI BAGH,104,E_THEFT;E_MVT;NCRP;ZERO_FIR
R. K. PURAM,115,E_THEFT;E_MVT;NCRP;ZERO_FIR
RAJ PARK,160,E_THEFT;E_MVT;NCRP;ZERO_FIR
RAJA GARDEN METRO,008,E_THEFT;E_MVT;NCRP;ZERO_FIR
RAJINDER NAGAR,031,E_THEFT;E_MVT;NCRP;ZERO_FIR
RAJOURI GARDEN,103,E_THEFT;E_MVT;NCRP;ZERO_FIR
RANHOLA,153,E_THEFT;E_MVT;NCRP;ZERO_FIR
RANI BAGH,233,E_THEFT;E_MVT;NCRP;ZERO_FIR
RANJIT NAGAR,237,E_THEFT;E_MVT;NCRP;ZERO_FIR
RITHALA METRO,005,E_THEFT;E_MVT;NCRP;ZERO_FIR
ROOP NAGAR,060,E_THEFT;E_MVT;NCRP;ZERO_FIR
SADAR BAZAR,061,E_THEFT;E_MVT;NCRP;ZERO_FIR
SAFDARJUNG ENCLAVE,229,E_THEFT;E_MVT;NCRP;ZERO_FIR
SAGAR PUR,113,E_THEFT;E_MVT;NCRP;ZERO_FIR
SAKET,075,E_THEFT;E_MVT;NCRP;ZERO_FIR
SAMAIPUR BADLI,224,E_THEFT;E_MVT;NCRP;ZERO_FIR
SANGAM VIHAR,079,E_THEFT;E_MVT;NCRP;ZERO_FIR
SARAI ROHILLA,062,E_THEFT;E_MVT;NCRP;ZERO_FIR
SARAI ROHILLA STATION,038,E_THEFT;E_MVT;NCRP;ZERO_FIR
SARITA VIHAR,185,E_THEFT;E_MVT;NCRP;ZERO_FIR
SAROJINI NAGAR,230,E_THEFT;E_MVT;NCRP;ZERO_FIR
SECTOR 23 DWARKA,167,E_THEFT;E_MVT;NCRP;ZERO_FIR
SEELAMPUR,141,E_THEFT;E_MVT;NCRP;ZERO_FIR
SEEMAPURI,203,E_THEFT;E_MVT;NCRP;ZERO_FIR
SHAHBAD DAIRY,221,E_THEFT;E_MVT;NCRP;ZERO_FIR
SHAHDARA,200,E_THEFT;E_MVT;NCRP;ZERO_FIR
SHAHEEN BAGH,191,E_THEFT;E_MVT;NCRP;ZERO_FIR
SHAKARPUR,228,E_THEFT;E_MVT;NCRP;ZERO_FIR
SHALIMAR BAGH,131,E_THEFT;E_MVT;NCRP;ZERO_FIR
SHASHTRI PARK METRO,006,E_THEFT;E_MVT;NCRP;ZERO_FIR
SHASTRI PARK,148,E_THEFT;E_MVT;NCRP;ZERO_FIR
SONIA VIHAR,146,E_THEFT;E_MVT;NCRP;ZERO_FIR
SOUTH AVENUE,050,E_THEFT;E_MVT;NCRP;ZERO_FIR
SOUTH CAMPUS,116,E_THEFT;E_MVT;NCRP;ZERO_FIR
SOUTH ROHINI,210,E_THEFT;E_MVT;NCRP;ZERO_FIR
SPECIAL CELL,234,E_THEFT;E_MVT;NCRP;ZERO_FIR
SUBHASH PLACE,132,E_THEFT;E_MVT;NCRP;ZERO_FIR
SUBZI MANDI,063,E_THEFT;E_MVT;NCRP;ZERO_FIR
SUBZI MANDI RAILWAY STATION,040,E_THEFT;E_MVT;NCRP;ZERO_FIR
SULTANPURI,152,E_THEFT;E_MVT;NCRP;ZERO_FIR
SUNLIGHT COLONY,188,E_THEFT;E_MVT;NCRP;ZERO_FIR
SUPREME COURT METRO,238,E_THEFT;E_MVT;NCRP;ZERO_FIR
SWAROOP NAGAR,218,E_THEFT;E_MVT;NCRP;ZERO_FIR
TIGRI,082,E_THEFT;E_MVT;NCRP;ZERO_FIR
TILAK MARG,048,E_THEFT;E_MVT;NCRP;ZERO_FIR
TILAK NAGAR,105,E_THEFT;E_MVT;NCRP;ZERO_FIR
TIMARPUR,064,E_THEFT;E_MVT;NCRP;ZERO_FIR
TUGHLAK ROAD,049,E_THEFT;E_MVT;NCRP;ZERO_FIR
UTTAM NAGAR,170,E_THEFT;E_MVT;NCRP;ZERO_FIR
VASANT KUNJ NORTH,117,E_THEFT;E_MVT;NCRP;ZERO_FIR
VASANT KUNJ SOUTH,118,E_THEFT;E_MVT;NCRP;ZERO_FIR
VASANT VIHAR,119,E_THEFT;E_MVT;NCRP;ZERO_FIR
VIGILANCE PS,226,E_THEFT;E_MVT;NCRP;ZERO_FIR
VIJAY VIHAR,209,E_THEFT;E_MVT;NCRP;ZERO_FIR
VIKASPURI,106,E_THEFT;E_MVT;NCRP;ZERO_FIR
VIVEK VIHAR,194,E_THEFT;E_MVT;NCRP;ZERO_FIR
WAZIRABAD,066,E_THEFT;E_MVT;NCRP;ZERO_FIR
WELCOME,142,E_THEFT;E_MVT;NCRP;ZERO_FIR
YAMUNA DEPOT METRO,001,E_THEFT;E_MVT;NCRP;ZERO_FIR
